# gameid<TAB>engine, from scummvm-web data/en/games.yaml (ids listed for several engines are ambiguous)
11h	groovie
2080wallcity	ags
3dkit-fanmade	freescape
3geeks	ags
3mice1	qdengine
3mice2	qdengine
44thejail	ags
5daysastranger	ags
5ld	wintermute
5ma	wintermute
6daysasacrifice	ags
7daysaskeptic	ags
8squares	wintermute
abracadabra	gob
abscission	ags
absin	ags
absurdistan	ags
activity	scumm
actualdest	wintermute
adateinthepark	ags
adi2	gob
adi4	gob
adibou1	gob
adibou2	gob
adrift	glk
adv350_zcode	glk
advallinthegame	ags
adventcrowther	glk
adventuretheinsidejob	ags
advsys	glk
advwelcome	ags
afm	wage
afragmentofher	ags
agi	agi
agidemo	agi
ags	ags
agt	glk
agustin	wintermute
ainthegoffantabulousw	ags
airport	scumm
airwave	ags
alan	glk
alandlordsdream	ags
alavi	wintermute
alemmo	ags
alemmoanozira	ags
alice	director
alientales	mohawk
alimardan1	wintermute
alimardan2	wintermute
almostblue	ags
alone	wintermute
alphapolaris	wintermute
alum	ags
amazon	access
amber	director
amerzone	phoenixvr
amongthorns	ags
amot	wage
anchorite	ags
annieandroidautomatedaffection	ags
anotherworld	awe
apeiron	wintermute
apeodyssey	director
apotheosis	ags
apprentice	ags
apprentice2	ags
aractaur	ags
archetype	glk
aroomwithoutyou	ags
arthur	mohawk
arthurbday	mohawk
arthurcomp	mohawk
arthurrace	mohawk
artofmurder1	wintermute
arttime	scumm
ashinaredwitch	ags
ashpines	ags
astrochicken	sci
astroloco	ags
asylum	asylum
atlantis	scumm
atotk	ags
atw	sludge
avalanche	avalanche
aventuradecine	alcachofa
awakener	ags
awakening	wintermute
azazelxmas	ags
babayaga	composer
babayagaonce	gob
balloon	scumm
balones	alcachofa
bambou	gob
barahir	ags
barbapoca1	wintermute
barbapoca2	wintermute
bargon	gob
barnrunner0	ags
barnrunner1p1	ags
barnrunner1p2	ags
barnrunner3	ags
barnrunner4	ags
barnrunner5p1	ags
barnrunner5p2	ags
barnrunner5p3	ags
barnrunner5p5	ags
barrowhilldp	wintermute
baseball	scumm
baseball2001	scumm
baseball2003	scumm
basisoctavus	wintermute
basketball	scumm
bbdou	illusions
bbvs	bbvs
bc	agi
beamish	dgds
beardark	mohawk
bearfight	mohawk
beatthebuzzer	ags
beer	ags
beforethedarkcrystal2	ags
bentheredanthat	ags
bestowersofeternity	ags
betterd	director
beyondowlsgard	ags
beyondzork	glk
bickadoodle	wintermute
billymasterswasright	ags
bittersweet	ags
bizarreearthquake	ags
bjcase1	ags
bjcase2	ags
bjcase3	ags
bjcase4	ags
bjcase5	ags
bjcase6	ags
bjcase7	ags
bjcase8	ags
blackfriday	ags
blackfriday2	ags
blacksect2	ags
blackwell1	ags
blackwell2	ags
blackwell3	ags
blackwell4	ags
blackwell5	ags
bladerunner	bladerunner
bladerunner-final	bladerunner
blitheep1	ags
blueforce	tsage
blues123time	scumm
bluesabctime	scumm
bluesbirthday	scumm
bluestreasurehunt	scumm
bohemianyard	ags
bookmania	wintermute
bookofgron	wintermute
bra	parallaction
brokenwindows1	ags
brokenwindows2	ags
brokenwindows3	ags
brokenwindows4	ags
brownieadv1	ags
brstorm	scumm
bthreshold	wintermute
burger	m4
buried	buried
bustinthebastille	ags
caitlyn	agi
camelot	sci
cantitoe	wage
captaindisaster	ags
captaindisastermoon	ags
captaindisasterriskara	ags
captaindownes	ags
carmentq	mohawk
carmentqc	mohawk
carnival	ags
carnival	bolt
carolreed10	wintermute
carolreed11	wintermute
carolreed12	wintermute
carolreed13	wintermute
carolreed14	wintermute
carolreed15	wintermute
carolreed16	wintermute
carolreed4	wintermute
carolreed5	wintermute
carolreed6	wintermute
carolreed7	wintermute
carolreed8	wintermute
carolreed9	wintermute
cartlife	ags
casenoir	ags
castleagony	ags
castlebrain	sci
castledornstein	ags
castlemaster	freescape
catalog	scumm
catdate	sci
catinthehat	mohawk
cedricandtherevolution	ags
challengetentacle	ags
chaluul	ags
chamber	chamber
chaos	wintermute
charnelhousetrilogy	ags
chase	scumm
chatroom	ags
chest	sci
chewy	chewy
china	dgds
chivalry	wintermute
chopsuey	director
christmas1988	sci
christmas1990	sci
christmas1992	sci
chronicleofinnsmouth	ags
city	ags
clandestiny	groovie
classicalcats	director
clockworklabyrinth	ags
clotildesoffritti	ags
clotildesoffritti2	ags
cloudsofxeen	mm
cnick-kq	sci
cnick-laurabow	sci
cnick-longbow	sci
cnick-lsl	sci
cnick-sq	sci
colapso	wintermute
colorsoncanvas	wintermute
comedyquest	ags
comi	scumm
conspiracao	wintermute
contact	ags
content	ags
contrapasso	ags
corrosion	wintermute
corruption	glk
corvino	alcachofa
cosmosquest1	ags
cosmosquest2	ags
cosmosquest3	ags
cosmosquest4	ags
cpatrol	alg
create	mohawk
crepefields	ags
crimsoncrown	glk
crimsondiamond	ags
crousti	gob
cruise	cruise
crystalshardadventurebundle	ags
cstime	mohawk
csusa	mohawk
csworld	mohawk
cubert	sludge
cutemachine	director
dancetilyoudrop	ags
danewguys	ags
danewguys2	ags
daniel	mohawk
darby	composer
darkeye	director
darkfallls	wintermute
darkseed	darkseed
darkside	freescape
darksideofxeen	mm
darksummer	wintermute
ddp	agi
deadcity	wintermute
deaddimension	ags
deathworeendlessfeathersdisk1	ags
deja_vu	macventure
deja_vu2	macventure
desolate	ags
detectivebhdino	ags
detectivegallo	ags
devilincapital	wintermute
dfafadventure	wintermute
dig	scumm
dimp	agos
dino	saga
director	director
directortest	director
directortest-all	director
dirtysplit	wintermute
dm	dm
docapocalypse	ags
dog	scumm
dogncat	qdengine
dogncat2	qdengine
donalddowell	ags
doth	ags
dots	ags
downfall2009	ags
downfall2016	ags
draci	draci
dracula1	phoenixvr
dracula2	phoenixvr
dragons	dragons
dragonsphere	mads
drakmythcastle	wage
drascula	drascula
drbohus	wintermute
drdoylemotch	wintermute
dreamcat	wintermute
dreaming	wintermute
dreams	wintermute
dreamscape	wintermute
dreamswitchhouse	ags
dreamweb	dreamweb
driller	freescape
driller	wintermute
drlutztimetravelmachine	ags
duckman	illusions
dustbowl	ags
dutyandbeyond	ags
dutyfirst	ags
dw	tinsel
dw2	tinsel
dwars	alg
dynasty	gob
dynastywood	gob
easternmind	director
ecoquest	sci
ecoquest2	sci
eem1	eem
eem2	eem
efh	efh
egress	ags
elvira1	agos
elvira2	agos
enchanter	glk
enclosure	agi
englishhaunting	ags
eob	kyra
eob2	kyra
erinmyers	wintermute
ernie	director
errand	ags
escapeledgeoctagon	ags
escapemansion	wintermute
escarabajo	alcachofa
everydaygray	wintermute
excavationhb	ags
exclamation	ags
facenoir	wintermute
fairytales	sci
falconcity	ags
fall	ags
fallingdark	ags
fallingdark2	ags
fallingskywards	ags
fanbots	ags
farm	scumm
fascination	gob
fayeking	ags
fbear	scumm
fbpack	scumm
featherweight	ags
feeble	agos
feriadarles	ags
findinghope	wintermute
fish	glk
flashtraffic	tsage
flop	gamos
flowproblem	ags
foolserrand	fool
football	scumm
football2002	scumm
footballgame	ags
forest	mads
forgottensound1	wintermute
forgottensound2	wintermute
foundations	ags
fountainofyouth	ags
four	wintermute
foxtail	wintermute
framed	wintermute
frasse	sludge
fred	wintermute
freddi	scumm
freddi2	scumm
freddi3	scumm
freddi4	scumm
freddicove	scumm
freddisfunshop	scumm
freddypharkas	sci
ft	scumm
fta2	saga2
fukuokagoround	director
fullmoon	sludge
fullpipe	ngi
funpack	scumm
funseeker	sci
fw	cine
gadget	director
ganbareinuchan	director
ganbareinuchan2	director
geisha	gob
geminirue	ags
gesundheit	ags
ghostdream	ags
ghostsheet	wintermute
gigant	ags
gk1	sci
gk1demo	sci
gk2	sci
glulx	glk
gnap	gnap
gnrblex	ags
gob1	gob
gob1cd	gob
gob2	gob
gob2cd	gob
gob3	gob
gob3cd	gob
gobliiins5-1	ags
gobliiins5-2	ags
gobliiins5-3	ags
gobliiins5-4	ags
goldencalf	wintermute
goldenwake	ags
goldrush	agi
goodgod	ags
got	got
graceward	ags
grailquest	wage
grandadvest	ags
grandma	mohawk
grandmabadass	ags
gray	ags
greeneggs	mohawk
gregory	composer
griffon	griffon
grim	grim
guardduty	ags
guild	glk
gundam0079	director
gurktrouble	ags
guttenburg	wintermute
hadesch	hadesch
halloweenparty	ags
hallwayofadventures	ags
hamlet	wintermute
happyface	ags
hardspace	ags
harryhh	mohawk
harvester	harvester
hauntingcliffhouse	ags
hdb	hdb
heatwave	ags
heed	ags
helga	wintermute
henachoco01	director
henachoco02	director
henachoco03	director
henachoco04	director
henachoco05	director
herby	ags
herdiscoming	ags
heroinesquest	ags
highlandspirit	ags
hires0	adl
hires1	adl
hires2	adl
hires3	adl
hires4	adl
hires5	adl
hires6	adl
hjarta	ags
hodjnpodj	bagel
hopkins	hopkins
hor	wintermute
hoyle1	sci
hoyle2	sci
hoyle3	sci
hoyle4	sci
hoyle5	sci
hoyle5bridge	sci
hoyle5children	sci
hoyle5solitaire	sci
hugo	glk
hugo1	hugo
hugo2	hugo
hugo3	hugo
iamjason	ags
icb	icb
iceman	sci
id4p1	director
id4p10	director
id4p11	director
id4p2	director
id4p3	director
id4p4	director
id4p5	director
id4p6	director
id4p7	director
id4p8	director
id4p9	director
idiotstale	wintermute
igor	igor
ihnm	saga
imfree	ags
imoking	composer
imustkill	wintermute
inca	gob
inca2	gob
indianarodent	ags
indy3	scumm
indyloom	scumm
indypassageofsaints	ags
indyrelicoftheviking	ags
indysevencities	ags
indyzak	scumm
inndemo	sci
insectophobiaep1	ags
interview	sludge
ioawn4t	ags
irentedaboat	ags
islandbrain	sci
ite	saga
iwantanidentity	ags
iwanttodie	ags
iwanttodieremake	ags
jacl	glk
jamesperis	wintermute
jamesperis2	wintermute
japanart07	director
jeffreyspaceact1	ags
jewels	director
jinxter	glk
jman	director
johnroc	alg
jones	sci
jorry	ags
julia	wintermute
juliastars	wintermute
juliauntold	wintermute
jumble	agos
jungle	scumm
justignorethem	ags
justignorethembrea1	ags
karliknos	qdengine
kathyrain	ags
keshaskazok	wintermute
killyourself	ags
kingdom	kingdom
klaymen1	wintermute
klepa	qdengine
knobblycrook	ags
knorrig	ags
knossos	wintermute
koala	mohawk
kq1	agi
kq1agdi	ags
kq1sci	sci
kq2	agi
kq2agdi	ags
kq3	agi
kq3agdi	ags
kq3vga	ags
kq4	agi
kq4retold	ags
kq4sci	sci
kq5	sci
kq6	sci
kq7	sci
kquestions	sci
kulivocko	wintermute
kyra1	kyra
kyra2	kyra
kyra3	kyra
lab	lab
lacroixpan	ags
lamplightcity	ags
lancelothangover	ags
larrylotter	ags
lastexpress	lastexpress
laurabow	sci
laurabow2	sci
lba	twine
lba2	twine
lbhunter	alg
lbsampler	mohawk
legendofhand	ags
legendofskye	ags
leopoldkettle	ags
leptonsquest	sludge
lessthanthree	ags
level9	glk
leyendabiblio	wintermute
lgop	glk
lgop2	made
liam	composer
life	sludge
lifein3minutes	wintermute
lighthouse	sci
lilmonster	mohawk
limeylizardwastewizard	ags
lit	gob
lit1	gob
lit2	gob
littlered	gob
littlesamurai	composer
lochness	phoenixvr
lol	kyra
lonelyrobot	wintermute
longbow	sci
lonkeyisland	ags
looky	wintermute
loom	scumm
lost	scumm
lostbride	wintermute
losteden	cryo
lotl	wintermute
lovmamuta	wintermute
lsl1	agi
lsl1sci	sci
lsl2	sci
lsl3	sci
lsl5	sci
lsl6	sci
lsl6hires	sci
lsl7	sci
lucasmaniac	ags
lure	lure
lzone	director
machumayu	wintermute
maddog	alg
maddog2	alg
mage	ags
maggieapartment	ags
maggiesfa	mohawk
magictales	composer
magretfdb	ags
majestic	director
makingofmyst	mohawk
mamelucos	alcachofa
manboy	ags
mandy	sludge
manhole	made
maniac	scumm
maniacmansiondeluxe	ags
martian	access
martiandreams	ultima
martiandreams_enh	ultima
maski	qdengine
maverickgunn	ags
maze	scumm
mazeodoom	bagel
mediaband	director
melements	director
melonhead	ags
melrin1	ags
melrin2	ags
melrin3	ags
memoriae	ags
menial	ags
mentalrepairs	wintermute
messenger	phoenixvr
meta	ags
metaldead	ags
metaphobia	ags
metrocity	ags
metrocityresistance	ags
mh1	agi
mh2	agi
mickey	agi
mindseye	ags
mirage	wintermute
miskatonic1	wintermute
mixedup	agi
mm1	mm
mng	qdengine
monkey	scumm
monkey2	scumm
monkey4	grim
moonbase	scumm
moorlandsonata	ags
mort	ags
mortevielle	mortevielle
moscu	alcachofa
mothergoose	sci
mothergoose256	sci
mothergoosehires	sci
mountainsofmadness	ags
msastrochicken	sci
msn1	supernova
msn2	supernova
msos	wintermute
mti	mtropolis
mudlarks	ags
mukhtar	wintermute
murderinawheel	ags
murranchronicles1	ags
murranchronicles2	ags
murranchronicles3	ags
mustard	scumm
mutationofjb	mutationofjb
mybigsister	ags
mybigsisterrm	ags
myburdentokeep	ags
myst	mohawk
myst3	myst3
mystictriddle	wintermute
mystme	mohawk
myth	glk
mythguff	wintermute
nancy1	nancy
nancy10	nancy
nancy11	nancy
nancy12	nancy
nancy13	nancy
nancy14	nancy
nancy15	nancy
nancy2	nancy
nancy3	nancy
nancy4	nancy
nancy5	nancy
nancy6	nancy
nancy7	nancy
nancy8	nancy
nancy9	nancy
nanobots	ags
nebular	mads
necrono	phoenixvr
nellycootalot	ags
nellycootalot-hd	ags
nemurenu	director
neofeud	ags
netwalk	gamos
neverhood	neverhood
newkid	mohawk
nightinthefog	wintermute
nightmareframes	ags
nighttrain	wintermute
ninatonnerre	ags
nippon	parallaction
nl	trecision
noactionjackson	ags
noah	mohawk
noctropolis	access
noir	tinsel
nosebound	wintermute
nsc	sludge
nupogodi3	qdengine
obsidian	mtropolis
octave	wintermute
odissea	ags
offtheclock	ags
oknytt	wintermute
oldskies	ags
onceupon	gob
one	wintermute
onehelluvaday	wintermute
ootopos	glk
oott	ags
openquest	wintermute
operacionbomba	wintermute
orly	mohawk
os	cine
osdanish	ags
ossuarium	ags
outoforder	sludge
overringunder	director
overtheedge	ags
ozorwell1	ags
ozorwell2	ags
paintaria	wintermute
pajama	scumm
pajama2	scumm
pajama3	scumm
palladion	wintermute
pangea	wintermute
papasdaughters1	wintermute
papasdaughters2	wintermute
pass	scumm
patchwork	ags
pawn	glk
pegasus	pegasus
pelrock	pelrock
penumbraoverture	hpl1
pepper	sci
pepperon	director
perfecttides	ags
perfecttidess2s	ags
perfidiouspetrolstation	ags
peril	pink
personalrocket	ags
petka02	wintermute
petka1	petka
petka2	petka
phantasmagoria	sci
phantasmagoria2	sci
phantom	mads
phantomfellows	ags
phoenixtales	ags
pigeons	wintermute
pilots1	gamos
pilots2	gamos
pilots3	qdengine
pilots3d	qdengine
pilots3d-2	qdengine
piratethemepark	ags
piss	ags
pizzamorgana	wintermute
pjgames	scumm
planetfall	glk
playtnck1	gob
playtnck2	gob
playtnck3	gob
playtoons1	gob
playtoons2	gob
playtoons3	gob
playtoons4	gob
playtoons5	gob
playtoonsdemo	gob
plumbers	plumbers
pn	agos
pokus	pink
polechudes	wintermute
ponderabilia	ags
postcardadv	ags
pq1	agi
pq1sci	sci
pq2	sci
pq3	sci
pq4	sci
pq4demo	sci
pqswat	sci
preciouspills	wintermute
primordia	ags
prince	prince
princess	composer
private-eye	private
projectdoom	wintermute
projectjoe	wintermute
projectorface	ags
protostar	tsage
providence	ags
puttcircus	scumm
puttmoon	scumm
puttputt	scumm
puttrace	scumm
puttsfunshop	scumm
putttime	scumm
puttzoo	scumm
puzzle	agos
puzzlebots	ags
pxenophobe	ags
qajarycat	wintermute
qfg1	sci
qfg1vga	sci
qfg2	sci
qfg2agdi	ags
qfg3	sci
qfg4	sci
qfg4demo	sci
qfi	ags
quantumnauts	ags
quantumnauts2	ags
queen	queen
quest	glk
questforexcalibur	glk
questforyrolg	ags
rabbithill	ags
rama	sci
ramghost	ags
raysmaze	wage
reactor09	ags
readtime	scumm
reah	vcruise
realm	sci
rebeccacarlson1	wintermute
rebel1	scumm
rebel2	scumm
redbow	ags
regret	ultima
remorse	ultima
reptilesquest	wintermute
resonance	ags
reversion1	wintermute
reversion2	wintermute
reversion3	wintermute
rhiannon	wintermute
richardandalice	ags
riddle	m4
ringworld	tsage
ringworld2	tsage
rise	dgds
ritter	wintermute
riven	mohawk
rnrneverdies	ags
roadsantiago	wintermute
robin	lilliput
robinsrescue	sludge
robotragedy	ags
robotragedy2	ags
rodney	made
roguestate	ags
rome	lilliput
rosemary	wintermute
rosetattoo	sherlock
rosewater	ags
royalmahjong	wintermute
rtz	made
ruff	mohawk
rugrats	mohawk
rugratsps	mohawk
rybalka	qdengine
sabotagenb	ags
samaritan	ags
samnmax	scumm
samnmaxfl	sludge
samsfunshop	scumm
sarmanyanha	ags
satanandsons	wintermute
scalpel	sherlock
scepters	wage
schizm	vcruise
sci	sci
sci-fanmade	sci
scottadams	glk
scrapmanager	ags
secta	alcachofa
securanote	wintermute
serguei1	agi
serguei2	agi
seussabc	mohawk
sfinx	cge2
shaban	wintermute
shadowgate	macventure
shadowofnebula	wintermute
shardlight	ags
shardsofgod	ags
sheila	mohawk
shelter	wintermute
sherlock-logo	tsage
shiftersboxoutsidein	ags
shinestar	wintermute
shivah	ags
shivahkosher	ags
shivers	sci
shivers2	sci
shoaly	ags
shootabducted	ags
shveik	qdengine
simon1	agos
simon2	agos
sinistersix	hypno
sis	macs2
skumring	ags
sky	sky
slater	sci
slazakloss	ags
sleepingcub	composer
snipermotherland	ags
sniperpatriotic	ags
snipertower	ags
snowproblem	ags
soccer	scumm
soccer2004	scumm
soccermls	scumm
socks	scumm
sof1	wintermute
sof2	wintermute
sofiasdebt	wintermute
soldierboyz	hypno
solgamer	gamos
soltys	cge
somethingpipes	ags
sorcerer	glk
sotv1	wintermute
sotv2	wintermute
spacebar	bagel
spaceinvaders	wintermute
spacemadness	wintermute
spacemanspace	ags
spellbreaker	glk
sphonx	ags
spirates	alg
spooks	ags
spyclub	director
spyfox	scumm
spyfox2	scumm
spyozon	scumm
sq0	agi
sq1	agi
sq1sci	sci
sq2	agi
sq2fg	ags
sq2vga	ags
sq3	sci
sq4	sci
sq45	ags
sq5	sci
sq6	sci
sqdote	ags
sqdote2	ags
sqinc	ags
sqvsb	ags
sqx	agi
st25	startrek
stairquest	ags
stargateadv	ags
starshipquasar	ags
stationfall	glk
stayingalive	ags
stellaluna	mohawk
stellarmessep1	ags
stjr	startrek
stormwater	ags
strangechange	wintermute
strangeland	ags
strangerutopia	ags
subterra	ags
sulifallenharmony	ags
sumatra	ags
sunny	wintermute
sunrise	wintermute
superegoch0	ags
superegoch12	ags
superegoch3	ags
superjazzman	ags
susanrose1	wintermute
susanrose2	wintermute
swampy	agos
sword1	sword1
sword1demo	sword1
sword1mac	sword1
sword1macdemo	sword1
sword1psx	sword1
sword1psxdemo	sword1
sword2	sword2
sword25	sword25
sword2alt	sword2
sword2demo	sword2
sword2psx	sword2
sword2psxdemo	sword2
swordsofxeen	mm
syberia	tetraedge
syberia2	tetraedge
symploke1	ags
symploke2	ags
symploke3	ags
t7g	groovie
takes2tangle	ags
taleofalegacy	ags
tales	ags
talisman	glk
tanya1	wintermute
tanya2	wintermute
teacher	hypno
teafortwo	ags
technobabylon	ags
teenagent	teenagent
teethglass	ags
tehran1933	wintermute
tehran2016	wintermute
tentacle	scumm
terror	alcachofa
terrorofthevampire	ags
testbed	testbed
tetriks	wintermute
tetris	agi
tftoz1	ags
tftoz2	ags
tftoz3	ags
tftoz4	ags
tgttpoacs	sludge
the7colors	director
theadventuresoffatman	ags
theadventuresoftheblackhawk	ags
theancientmark1	wintermute
theantidote	ags
theapartment	director
thebeardinthemirror	ags
thebox	wintermute
thebum	ags
thecabin	ags
thecastle	ags
thecatlady	ags
thegardenofhades	ags
theinfinitystring	ags
thejackyard	ags
thekite	wintermute
thelastcrownmh	wintermute
thelostcrowngha	wintermute
themarionette	ags
theoracle	ags
therail	ags
therobolovers	ags
thesavageempire	ultima
thesavageempire_enh	ultima
thesecretofhuttongrammarschoolvga	ags
thesecretsofjesus	ags
theshortestjourney	ags
theterribleoldman	ags
thevacuum	ags
thevisitor1	ags
thevisitor2	ags
thevisitor3	ags
thewhitecanvas	ags
thinker1	scumm
thinkerk	scumm
tib	wintermute
timegal	director
timegentlemenplease	ags
titanic	titanic
tlc	groovie
tlj	stark
todaymama	wintermute
toltecs	toltecs
tony	tony
toon	toon
torin	sci
tortoise	mohawk
tot	tot
totaleclipse	freescape
totaleclipse2	freescape
touche	touche
tradestory	wintermute
transylvania	glk
transylvaniav2	glk
trappedbalcony	ags
trilbysnotes	ags
trilbytheartoftheft	ags
troll	agi
tsotc	sludge
tucker	tucker
tunnelvision	ags
twc	wintermute
twelvethirteenep1	ags
twelvethirteenep2	ags
twelvethirteenep3	ags
twelvethirteense	ags
twisted	wage
twp	twp
ultima1	ultima
ultima4	ultima
ultima4_enh	ultima
ultima6	ultima
ultima6_enh	ultima
ultima8	ultima
unavowed	ags
unclehenry	groovie
uninvited	macventure
unprintablemagenta	ags
unrest	crab
untildawn	ags
untilihaveyou	ags
urban	gob
urbanwitchstory	ags
vampirediaries	nancy
vaqueros	alcachofa
versailles	cryomni3d
vitamin	gamos
voodoo	agi
voyeur	voyeur
vsevolod	wintermute
vvdinosaur	director
vvvampire	director
wage	wage
war	wintermute
warlock	director
water	scumm
waxworks	agos
wayoflove	wintermute
ween	gob
wendywhedon1	ags
wendywhedon2	ags
wendywhedon3	ags
wetlands	hypno
whatlinusbruckmansees	ags
wheredidhumansgo	ags
whispersofamachine	ags
wild	gamos
winnie	agi
wintermute	wintermute
witchlullaby	ags
wmedemo	wintermute
wmedemo3d	wintermute
wolfterritory	ags
wonderland	glk
woodruff	gob
worldisweird	ags
worldofxeen	mm
wrath	director
wrongchannel	ags
wtetris	wintermute
xmascard	agi
yipquest	ags
zak	scumm
zakloom	scumm
zbang	wintermute
zcode	glk
zgi	zvision
zilm	wintermute
znemesis	zvision
zniwadventure	ags
zoombini	mohawk
zork0	glk
zork1	glk
zork2	glk
zork3	glk
ztuu	glk
